Potato Spike-in peptides,Human spike-in peptides,Potato SRM peptides,Human SRM peptides,Background SRM peptides
ALDFVVSEAK,DTFYSLGSSLDITFR,YCDGASFTGDSENK,QLGCGWATSAPGNAR,EASILELNDLVK
LSGPIPESFSK,HDASALDIR,FPQVVFR,HDASALDIR,TEQAVVVGK
IYNFSPQNPIDPTLNK,WPEPVFGR,YAVNSVSYVNPDTPLK,WPEPVFGR,AAGADFVGEDDLVAK
TNSVVSWNIIFGGK,WTLTAPPGYR,VCWPVPNK,VPTPQAIR,IMETRPLSATK
ALVLVNGK,ALASECAQHLSLPLR,NSQSVGIPLK,ESTENVPR,MQEGIMSLMQMAK
EIGDSLEEFLSK,TLSPGNQLYHLIQNWPHYR,YWFPVAK,HYINLITR,FIGPSASVMDK
SPATVELVK,VPTPQAIR,WFLEVNPEGK,ICLDPDAPR,VVITAPGGNDVK
VNLIGGYYDAGDNVK,ASNDMYHSR,EALAFYAR,DGAGDVAFIR,LVDIINPTQK
GLGNPEDLGNWDPK,LVGGPMDASVEEEGVR,YFGYAPGTAR,LLETECPQYIR,VADAIAILK
AGGLQLEK,EQTFGGVNYFFDVEVGR,YVNIDDCWAEPQR,IANVFTNAFR,FGTQDVMIVGGSEAAITK
FEQIMQETTTNK,IIPGGIYDADLNDEWVQR,GLGNPEDLGNWDPK,IGLDLPALNMQR,INAENTAFNFAPSPGK
GFAIGNGLTDPEIQYK,QLCSFEIYEVPWENR,GFIISDSEGLDR,VFFASWR,AIGLVIPELNGK
GLGNPEDLGNWDPK,HSDAVFTDNYTR,VVSLSIPR,VVLEGGIDPILR,LVFYAGMDK
APVGLEVQVTPNK,ESTENVPR,YNGEFPK,LQLQAEER,LELDQLSSEK
NSQSVGIPLK,HYINLITR,YEITGDPLYK,NGGFFLR,DLANLTAELDK
SLFAQLSISDLELGK,HEEGHMLNCTCFGQGR,YVGFFPK,IIEGGIYDADLNDER,ELQQDYDLAK
VCWPVPNK,HYQINQQWER,WQPSGTDQAANR,SPDGDSSLAASER,FVAVEGLSFAAPK
GIDAGVTPAINFK,LDAPTNLQFVNETDSTVLVR,DNIIPMSR,TEGQFVDLTGNR,DLMAQFDTSSLR
IASAADLIPVESTFK,LGVRPSQGGEAPR,VYIVCTEDK,NQNTFLR,EMVDNYTR
IVLCLAGGGVSSVAK,VPGTSTSATLTGLTR,WTAIQAGK,SSALQVSGSTR,NIFITGSTR
SAIWFWMTPQSPK,EESLDSDLYAELR,SFSGFGTTGDTTAR,FQWVDGSR,VPISEFGR
IANNLPSDQDAIK,ICLDPDAPR,ALDFVVSEAK,LDFGDVLLATGGPLR,ALELAIDQASQDYNR
YVGFFPK,DGAGDVAFIR,IANNLPSDQDAIK,LFFGGQELR,EEIQALATLPNR
ANSLSGSLIK,SCHLAMAPNHAVVSR,WVDSEVDTTK,LPLALTNWR,TATDIEEMGAGSLR
GILVSCSAGNNGPFK,YYGYTGAFR,YEGVILNK,GTYLTDETHR,YDQVTPSDIAR
ISPSTDCSK,CLDPVDTPNPTR,VTTTIGFGSPNK,GFPLPTPAR,MTEEDFER
YCDGSSFTGDVAAADPK,VHVGDEDFVHLR,IGLDGFGR,IALDFQR,LENAMEVAGR
ANLYGIGEHTK,GNFHAVYR,VVFASGSPFPSFEYDGK,ALNSVAYER,ELETITR
LGFFDGNPK,LLETECPQYIR,SPYGETFFR,NGFPLPLAR,EVIEDLAANNPAIQNIR
AETTDTIQK,FCGLPQPETVGQLGTVLR,SAPIIAAFSSR,LSPEYYDLAR,
GGDHHYFK,IANVFTNAFR,VGADQSVINR,VTMLISGR,
GGIGPFGLLVLASK,IGLDLPALNMQR,YNEIDIYNIYGPK,ISPQGYGR,
IGATSDLRPVQK,VFFASWR,ISPSTDCSK,LDVASEFR,
TVTNLQDGTSVYTAK,VVLEGGIDPILR,LSGPIPESFSK,AIDGINQR,
VEAASDLVPVLSSFK,YGHTLIQPFMFR,SPATVELVK,CMGTVTLNQAR,
WVDSEVDTTK,ACDTATCVTHR,YASPDVMK,SSDANLYR,
YAVNSVSYVNPDTPLK,LQLQAEER,LGFFDGNPK,LGMDGYR,
YCDGASFTGDSENK,NGGFFLR,TVTNLQDGTSVYTAK,STDYGIFQINSR,
YWFPVAK,EQIVGGVNYFFDIEVGR,ANSLSGSLIK,ASWMPMFQR,
YTQHLPSAGK,IIEGGIYDADLNDER,VNLIGGYYDAGDNVK,ENAGEDPGLAR,
YSGVGAAIEYAVLHLK,FQASVATPR,GIDAGVTPAINFK,CVSNTPGYCR,
YNGEFPK,SPDGDSSLAASER,VSTDVNVR,LNFLCCR,
YNEIDIYNIYGPK,TEGQFVDLTGNR,YAVNSVSFIPADTPLK,ICGYGTAR,
YNEAGQEMYMK,TVQIAAVVDVIR,EIGDSLEEFLSK,AGVCPADNVR,
YLTSDPNPTATILFEGTK,NQNTFLR,IASAADLIPVESTFK,DDSECITR,
YGRPLLGCTIKPK,SSALQVSGSTR,LAGYSSSDR,DIQSFYIDR,
YETLSYLPDLSDEQLLK,FQWVDGSR,VGCYGDCR,YGIIIHTAGR,
YEITGDPLYK,GGHCVALCTR,,DMVEESEAGR,
YEGVILNK,WNFAYWAAHQPWSR,,DCCVPADR,
YDGNVNIGK,FEHCNFNDVTTR,,VNEVPEALCENGR,
YAVNSVSFIPADTPLK,FVPGAWLAGEGVDVTSLR,,LDITAEILAVR,
YASPDVMK,LDFGDVLLATGGPLR,,LQVNTPLVGASLLR,
YAGSQTQFFDDFASSMIK,LFFGGQELR,,FGQGSGPIVLDDVR,
WTAIQAGK,LPLALTNWR,,LVNLNSSYGLCAGR,
WFLEVNPEGK,TSTVWDNNNPIWSVR,,VMGPDFGYVTR,
WAMLGAAGIFIPELLTK,GTYLTDETHR,,ILIGSSFPLSGGR,
VYIVCTEDK,GYFYIPPLATHTICDR,,VCFQYLNR,
VYINGNLK,GFPLPTPAR,,IPCFLAGDTR,
VYGPDRPAITFK,GNDVAFHFNPR,,GLSTESILIPR,
VVFASGSPFPSFEYDGK,IALDFQR,,IPACIAGER,
VVDSAHPK,MLITILGTVKPNANR,,YGTCIYQGR,
VTTTIGFGSPNK,VAVNDAHLLQYNHR,,EIQTAVR,
LYDNGAGCGACYQIR,GPVSTKPGSCPIILIR,,AGLQFPVGR,
SAEECAAFFCKPR,ALNSVAYER,,GPDFFTR,
FPQVVFR,EELPEPFEHLLQR,,AGSSPLLDIVGGR,
DVIQLSGGPWYPVELGR,ASEHILLATSHTLFLR,,WANQCNYR,
SFPFCDVSLGVSAR,DHGQPGYNSWR,,NGENLEVR,
DNIIPMSR,FGHLEVPSSMFR,,GFSYLYGAWGR,
GFIISDSEGLDR,IHGFDLAAINTQR,,LFPDFFTR,
SFSGFGTTGDTTAR,NGFPLPLAR,,SNVCTLVR,
YTLNLANSPILDER,LSPEYYDLAR,,YPLIQTLR,
TDCCTDWYGPTIR,SVSNAATR,,QTFVNSAIR,
AIEDGVDVISLSLGVDGR,TCNHPVPQHGGPFCAGDATR,,GDLATCPR,
LIPAYIFAVGAGHVNPSR,VTMLISGR,,EVVSAQPATFLAR,
GGSAGTFTGGYCFVR,ISPQGYGR,,SYNVTSVLFR,
NNCPYTIWAASTPIGGGR,LDVASEFR,,EEDPIHLR,
VPGGCNNPCTTFR,FGYILHTDNR,,VPVLMESR,
IPGLNTLGVSLAR,AIDGINQR,,MSSYAFFVQTCR,
ENSIVHDVR,CMGTVTLNQAR,,,
DMENFAILVNEWR,FALLGDFFR,,,
FTGNIPSSITALAPILR,SSDANLYR,,,
SIHPDWSSAAIR,GTPESLFELNSVMTVR,,,
FPLSVYFVR,VASSFTHAFDGSR,,,
SAPIIAAFSSR,LLPGVGVYLSLYTR,,,
SPYGETFFR,CNADEHAIR,,,
AVSNNFATLMR,LGMDGYR,,,
NIFILAGQSNISGR,STDYGIFQINSR,,,
EALAFYAR,SVALAVLALLSLSGLEAIQR,,,
ATGIPYAFAPCIAVCR,ASWMPMFQR,,,
DTEGHGTHTSTTAAGSR,ENAGEDPGLAR,,,
FYDNGYSSAIKPR,ESLSGVCEISGR,,,
IGLDGFGR,GANDQDFAVSFAEDASSSLR,,,
IIGATNPLESAAGTIR,CVSNTPGYCR,,,
IVDQCSNGGLDLDVNVFR,LNFLCCR,,,
LAGYSSSDR,ITTLPNVTFLPQNATTISSR,,,
NGPTLWEIGIPDR,SHFELPHYPGLLAHQKPFIR,,,
VGADQSVINR,ICGYGTAR,,,
VGCYGDCR,AGVCPADNVR,,,
WQPSGTDQAANR,DDSECITR,,,
YVNIDDCWAEPQR,DIQSFYIDR,,,
YLAEVWDKPWENFR,GLPTDVSTTVSR,,,
YIGSMVADVHR,GYLTPNYLLVGHSDVAR,,,
YGWTAFCGPVGPR,YGIIIHTAGR,,,
YGDGPENELPLEVNGDYTR,DMVEESEAGR,,,
YFGYAPGTAR,DCCVPADR,,,
YEDAYALQYCPR,DSQQFHLVPVHLDR,,,
YDNCNHDGTKPTVR,VNEVPEALCENGR,,,
YAWKPDSCNLPR,LDITAEILAVR,,,
WRPTGADLSAGR,LQVNTPLVGASLLR,,,
WINLLIQQDCR,VLPELVQGNVCPLVNEVLR,,,
WEVPYNLLPR,VTDPQLLELGLVQSPDGHR,,,
VVSLSIPR,IQILSNWGHPR,,,
VVDAFSHLETGR,FGQGSGPIVLDDVR,,,
VSTDVNVR,LVNLNSSYGLCAGR,,,
VSTATYLGLLTNTYPPR,QLGCGWATSAPGNAR,,,
,VDVVLGPIQLQTPPR,,,
,HLGIPKPFGPVINGR,,,
,VMGPDFGYVTR,,,
,FLGEVHCGTNVR,,,
,HSEHVWVEVVR,,,
,ILIGSSFPLSGGR,,,
,VCFQYLNR,,,
,SALESSPADPATLSEDEAR,,,
,IPCFLAGDTR,,,
,GLSTESILIPR,,,
,IPACIAGER,,,
,YGTCIYQGR,,,
,YNTYAYVGLTEGPSPGDFR,,,
,AMGIMNSFVNDIFER,,,
,EIQTAVR,,,
,IAGEASR,,,
,AGLQFPVGR,,,
,GPDFFTR,,,
,LTVLALLAGLLASSR,,,
,AGSSPLLDIVGGR,,,
,QFPFLASIQNQGR,,,
,HFCGGALIHAR,,,
,DPAFTALLTTQTQVQR,,,
,WANQCNYR,,,
,NGENLEVR,,,
,NLEVR,,,
,GFSYLYGAWGR,,,
,LFPDFFTR,,,
,SMLLAWALPSLLR,,,
,ARPHAWPFMVSLQLR,,,
,SNVCTLVR,,,
,YADRPGR,,,
,AQWFAIQHISLNPPR,,,
,YPLIQTLR,,,
,QTFVNSAIR,,,
,YAQTPANMFYIVACDNR,,,
,GDLATCPR,,,
,EVVSAQPATFLAR,,,
,IKDFLR,,,
,SYNVTSVLFR,,,
,EEDPIHLR,,,
,VPVLMESR,,,
,MSSYAFFVQTCR,,,
